0,CT,L104C,4,1,500,1000,-9500,-39000,3500,2000,1,1,6916
1,CG,L104C,4,1,500,2500,-9500,-37500,3500,2000,1,2,6917
2,DL,L104C,4,1,500,4000,-9500,-36000,3500,2000,1,3,6918
3,DS,L104C,4,1,500,5500,-9500,-34500,3500,2000,1,4,6919
4,AS,L104C,4,1,500,7000,-9500,-33000,3500,2000,1,5,6920
5,AL,L104C,4,1,5500,1000,-4500,-39000,3500,2000,2,1,6921
6,CGX,L104C,4,1,5500,2500,-4500,-37500,3500,2000,2,2,6922
7,DLX,L104C,4,1,5500,4000,-4500,-36000,3500,2000,2,3,6923
8,DS,L104C,4,1,5500,5500,-4500,-34500,3500,2000,2,4,6924
9,AS,L104C,4,1,5500,7000,-4500,-33000,3500,2000,2,5,6925
10,CT,L104C,5,1,500,1000,500,-39000,3500,2000,1,1,7006
11,CG,L104C,5,1,500,2500,500,-37500,3500,2000,1,2,7007
12,DL,L104C,5,1,500,4000,500,-36000,3500,2000,1,3,7008
13,DS,L104C,5,1,500,5500,500,-34500,3500,2000,1,4,7009
14,AS,L104C,5,1,500,7000,500,-33000,3500,2000,1,5,7010
15,AL,L104C,5,1,5500,1000,5500,-39000,3500,2000,2,1,7011
16,CGX,L104C,5,1,5500,2500,5500,-37500,3500,2000,2,2,7012
17,DLX,L104C,5,1,5500,4000,5500,-36000,3500,2000,2,3,7013
18,DS,L104C,5,1,5500,5500,5500,-34500,3500,2000,2,4,7014
19,AS,L104C,5,1,5500,7000,5500,-33000,3500,2000,2,5,7015
20,CT,L104C,6,1,500,1000,10500,-39000,3500,2000,1,1,7096
21,CG,L104C,6,1,500,2500,10500,-37500,3500,2000,1,2,7097
22,DL,L104C,6,1,500,4000,10500,-36000,3500,2000,1,3,7098
23,DS,L104C,6,1,500,5500,10500,-34500,3500,2000,1,4,7099
24,AS,L104C,6,1,500,7000,10500,-33000,3500,2000,1,5,7100
25,AL,L104C,6,1,5500,1000,15500,-39000,3500,2000,2,1,7101
26,CGX,L104C,6,1,5500,2500,15500,-37500,3500,2000,2,2,7102
27,DLX,L104C,6,1,5500,4000,15500,-36000,3500,2000,2,3,7103
28,DS,L104C,6,1,5500,5500,15500,-34500,3500,2000,2,4,7104
29,AS,L104C,6,1,5500,7000,15500,-33000,3500,2000,2,5,7105
30,AS,L104C,3,2,500,7000,-19500,-23000,3500,2000,1,5,6850
31,AL,L104C,3,2,5500,1000,-14500,-29000,3500,2000,2,1,6851
32,AS,L104C,3,2,5500,7000,-14500,-23000,3500,2000,2,5,6855
33,CT,L104C,4,2,500,1000,-9500,-29000,3500,2000,1,1,6926
34,CG,L104C,4,2,500,2500,-9500,-27500,3500,2000,1,2,6927
35,DL,L104C,4,2,500,4000,-9500,-26000,3500,2000,1,3,6928
36,DS,L104C,4,2,500,5500,-9500,-24500,3500,2000,1,4,6929
37,AS,L104C,4,2,500,7000,-9500,-23000,3500,2000,1,5,6930
38,AL,L104C,4,2,5500,1000,-4500,-29000,3500,2000,2,1,6931
39,CGX,L104C,4,2,5500,2500,-4500,-27500,3500,2000,2,2,6932
40,DLX,L104C,4,2,5500,4000,-4500,-26000,3500,2000,2,3,6933
41,DS,L104C,4,2,5500,5500,-4500,-24500,3500,2000,2,4,6934
42,AS,L104C,4,2,5500,7000,-4500,-23000,3500,2000,2,5,6935
43,CT,L104C,5,2,500,1000,500,-29000,3500,2000,1,1,7016
44,CG,L104C,5,2,500,2500,500,-27500,3500,2000,1,2,7017
45,DL,L104C,5,2,500,4000,500,-26000,3500,2000,1,3,7018
46,DS,L104C,5,2,500,5500,500,-24500,3500,2000,1,4,7019
47,AS,L104C,5,2,500,7000,500,-23000,3500,2000,1,5,7020
48,AL,L104C,5,2,5500,1000,5500,-29000,3500,2000,2,1,7021
49,CGX,L104C,5,2,5500,2500,5500,-27500,3500,2000,2,2,7022
50,DLX,L104C,5,2,5500,4000,5500,-26000,3500,2000,2,3,7023
51,DS,L104C,5,2,5500,5500,5500,-24500,3500,2000,2,4,7024
52,AS,L104C,5,2,5500,7000,5500,-23000,3500,2000,2,5,7025
53,CT,L104C,2,3,500,1000,-29500,-19000,3500,2000,1,1,6796
54,CG,L104C,2,3,500,2500,-29500,-17500,3500,2000,1,2,6797
55,DL,L104C,2,3,500,4000,-29500,-16000,3500,2000,1,3,6798
56,DS,L104C,2,3,500,5500,-29500,-14500,3500,2000,1,4,6799
57,AS,L104C,2,3,500,7000,-29500,-13000,3500,2000,1,5,6800
58,AL,L104C,2,3,5500,1000,-24500,-19000,3500,2000,2,1,6801
59,CGX,L104C,2,3,5500,2500,-24500,-17500,3500,2000,2,2,6802
60,DLX,L104C,2,3,5500,4000,-24500,-16000,3500,2000,2,3,6803
61,DS,L104C,2,3,5500,5500,-24500,-14500,3500,2000,2,4,6804
62,AS,L104C,2,3,5500,7000,-24500,-13000,3500,2000,2,5,6805
63,CT,L104C,3,2,500,1000,-19500,-29000,3500,2000,1,1,6846
64,CG,L104C,3,2,500,2500,-19500,-27500,3500,2000,1,2,6847
65,DL,L104C,3,2,500,4000,-19500,-26000,3500,2000,1,3,6848
66,DS,L104C,3,2,500,5500,-19500,-24500,3500,2000,1,4,6849
67,CGX,L104C,3,2,5500,2500,-14500,-27500,3500,2000,2,2,6852
68,DLX,L104C,3,2,5500,4000,-14500,-26000,3500,2000,2,3,6853
69,DS,L104C,3,2,5500,5500,-14500,-24500,3500,2000,2,4,6854
70,CT,L104C,6,2,500,1000,10500,-29000,3500,2000,1,1,7106
71,CG,L104C,6,2,500,2500,10500,-27500,3500,2000,1,2,7107
72,DL,L104C,6,2,500,4000,10500,-26000,3500,2000,1,3,7108
73,DS,L104C,6,2,500,5500,10500,-24500,3500,2000,1,4,7109
74,AS,L104C,6,2,500,7000,10500,-23000,3500,2000,1,5,7110
75,AL,L104C,6,2,5500,1000,15500,-29000,3500,2000,2,1,7111
76,CGX,L104C,6,2,5500,2500,15500,-27500,3500,2000,2,2,7112
77,DLX,L104C,6,2,5500,4000,15500,-26000,3500,2000,2,3,7113
78,DS,L104C,6,2,5500,5500,15500,-24500,3500,2000,2,4,7114
79,AS,L104C,6,2,5500,7000,15500,-23000,3500,2000,2,5,7115
80,CT,L104C,7,2,500,1000,20500,-29000,3500,2000,1,1,7186
81,CG,L104C,7,2,500,2500,20500,-27500,3500,2000,1,2,7187
82,DL,L104C,7,2,500,4000,20500,-26000,3500,2000,1,3,7188
83,DS,L104C,7,2,500,5500,20500,-24500,3500,2000,1,4,7189
84,AS,L104C,7,2,500,7000,20500,-23000,3500,2000,1,5,7190
85,AL,L104C,7,2,5500,1000,25500,-29000,3500,2000,2,1,7191
86,CGX,L104C,7,2,5500,2500,25500,-27500,3500,2000,2,2,7192
87,DLX,L104C,7,2,5500,4000,25500,-26000,3500,2000,2,3,7193
88,DS,L104C,7,2,5500,5500,25500,-24500,3500,2000,2,4,7194
89,AS,L104C,7,2,5500,7000,25500,-23000,3500,2000,2,5,7195
90,CT,L104C,3,3,500,1000,-19500,-19000,3500,2000,1,1,6856
91,CG,L104C,3,3,500,2500,-19500,-17500,3500,2000,1,2,6857
92,DL,L104C,3,3,500,4000,-19500,-16000,3500,2000,1,3,6858
93,DS,L104C,3,3,500,5500,-19500,-14500,3500,2000,1,4,6859
94,AS,L104C,3,3,500,7000,-19500,-13000,3500,2000,1,5,6860
95,AL,L104C,3,3,5500,1000,-14500,-19000,3500,2000,2,1,6861
96,CGX,L104C,3,3,5500,2500,-14500,-17500,3500,2000,2,2,6862
97,DLX,L104C,3,3,5500,4000,-14500,-16000,3500,2000,2,3,6863
98,DS,L104C,3,3,5500,5500,-14500,-14500,3500,2000,2,4,6864
99,AS,L104C,3,3,5500,7000,-14500,-13000,3500,2000,2,5,6865
100,CT,L104C,4,3,500,1000,-9500,-19000,3500,2000,1,1,6936
101,CG,L104C,4,3,500,2500,-9500,-17500,3500,2000,1,2,6937
102,DL,L104C,4,3,500,4000,-9500,-16000,3500,2000,1,3,6938
103,DS,L104C,4,3,500,5500,-9500,-14500,3500,2000,1,4,6939
104,AS,L104C,4,3,500,7000,-9500,-13000,3500,2000,1,5,6940
105,AL,L104C,4,3,5500,1000,-4500,-19000,3500,2000,2,1,6941
106,CGX,L104C,4,3,5500,2500,-4500,-17500,3500,2000,2,2,6942
107,DLX,L104C,4,3,5500,4000,-4500,-16000,3500,2000,2,3,6943
108,DS,L104C,4,3,5500,5500,-4500,-14500,3500,2000,2,4,6944
109,AS,L104C,4,3,5500,7000,-4500,-13000,3500,2000,2,5,6945
110,CT,L104C,5,3,500,1000,500,-19000,3500,2000,1,1,7026
111,CG,L104C,5,3,500,2500,500,-17500,3500,2000,1,2,7027
112,DL,L104C,5,3,500,4000,500,-16000,3500,2000,1,3,7028
113,DS,L104C,5,3,500,5500,500,-14500,3500,2000,1,4,7029
114,AS,L104C,5,3,500,7000,500,-13000,3500,2000,1,5,7030
115,AL,L104C,5,3,5500,1000,5500,-19000,3500,2000,2,1,7031
116,CGX,L104C,5,3,5500,2500,5500,-17500,3500,2000,2,2,7032
117,DLX,L104C,5,3,5500,4000,5500,-16000,3500,2000,2,3,7033
118,DS,L104C,5,3,5500,5500,5500,-14500,3500,2000,2,4,7034
119,AS,L104C,5,3,5500,7000,5500,-13000,3500,2000,2,5,7035
120,CT,L104C,6,3,500,1000,10500,-19000,3500,2000,1,1,7116
121,CG,L104C,6,3,500,2500,10500,-17500,3500,2000,1,2,7117
122,DL,L104C,6,3,500,4000,10500,-16000,3500,2000,1,3,7118
123,DS,L104C,6,3,500,5500,10500,-14500,3500,2000,1,4,7119
124,AS,L104C,6,3,500,7000,10500,-13000,3500,2000,1,5,7120
125,AL,L104C,6,3,5500,1000,15500,-19000,3500,2000,2,1,7121
126,CGX,L104C,6,3,5500,2500,15500,-17500,3500,2000,2,2,7122
127,DLX,L104C,6,3,5500,4000,15500,-16000,3500,2000,2,3,7123
128,DS,L104C,6,3,5500,5500,15500,-14500,3500,2000,2,4,7124
129,AS,L104C,6,3,5500,7000,15500,-13000,3500,2000,2,5,7125
130,CT,L104C,7,3,500,1000,20500,-19000,3500,2000,1,1,7196
131,CG,L104C,7,3,500,2500,20500,-17500,3500,2000,1,2,7197
132,DL,L104C,7,3,500,4000,20500,-16000,3500,2000,1,3,7198
133,DS,L104C,7,3,500,5500,20500,-14500,3500,2000,1,4,7199
134,AS,L104C,7,3,500,7000,20500,-13000,3500,2000,1,5,7200
135,AL,L104C,7,3,5500,1000,25500,-19000,3500,2000,2,1,7201
136,CGX,L104C,7,3,5500,2500,25500,-17500,3500,2000,2,2,7202
137,DLX,L104C,7,3,5500,4000,25500,-16000,3500,2000,2,3,7203
138,DS,L104C,7,3,5500,5500,25500,-14500,3500,2000,2,4,7204
139,AS,L104C,7,3,5500,7000,25500,-13000,3500,2000,2,5,7205
140,CT,L104C,8,3,500,1000,30500,-19000,3500,2000,1,1,7256
141,CG,L104C,8,3,500,2500,30500,-17500,3500,2000,1,2,7257
142,DL,L104C,8,3,500,4000,30500,-16000,3500,2000,1,3,7258
143,DS,L104C,8,3,500,5500,30500,-14500,3500,2000,1,4,7259
144,AS,L104C,8,3,500,7000,30500,-13000,3500,2000,1,5,7260
145,AL,L104C,8,3,5500,1000,35500,-19000,3500,2000,2,1,7261
146,CGX,L104C,8,3,5500,2500,35500,-17500,3500,2000,2,2,7262
147,DLX,L104C,8,3,5500,4000,35500,-16000,3500,2000,2,3,7263
148,DS,L104C,8,3,5500,5500,35500,-14500,3500,2000,2,4,7264
149,AS,L104C,8,3,5500,7000,35500,-13000,3500,2000,2,5,7265
150,CT,L104C,1,4,500,1000,-39500,-9000,3500,2000,1,1,6766
151,CG,L104C,1,4,500,2500,-39500,-7500,3500,2000,1,2,6767
152,DL,L104C,1,4,500,4000,-39500,-6000,3500,2000,1,3,6768
153,DS,L104C,1,4,500,5500,-39500,-4500,3500,2000,1,4,6769
154,AS,L104C,1,4,500,7000,-39500,-3000,3500,2000,1,5,6770
155,AL,L104C,1,4,5500,1000,-34500,-9000,3500,2000,2,1,6771
156,CGX,L104C,1,4,5500,2500,-34500,-7500,3500,2000,2,2,6772
157,DLX,L104C,1,4,5500,4000,-34500,-6000,3500,2000,2,3,6773
158,DS,L104C,1,4,5500,5500,-34500,-4500,3500,2000,2,4,6774
159,AS,L104C,1,4,5500,7000,-34500,-3000,3500,2000,2,5,6775
160,CT,L104C,2,4,500,1000,-29500,-9000,3500,2000,1,1,6806
161,CG,L104C,2,4,500,2500,-29500,-7500,3500,2000,1,2,6807
162,DL,L104C,2,4,500,4000,-29500,-6000,3500,2000,1,3,6808
163,DS,L104C,2,4,500,5500,-29500,-4500,3500,2000,1,4,6809
164,AS,L104C,2,4,500,7000,-29500,-3000,3500,2000,1,5,6810
165,AL,L104C,2,4,5500,1000,-24500,-9000,3500,2000,2,1,6811
166,CGX,L104C,2,4,5500,2500,-24500,-7500,3500,2000,2,2,6812
167,DLX,L104C,2,4,5500,4000,-24500,-6000,3500,2000,2,3,6813
168,DS,L104C,2,4,5500,5500,-24500,-4500,3500,2000,2,4,6814
169,AS,L104C,2,4,5500,7000,-24500,-3000,3500,2000,2,5,6815
170,CT,L104C,3,4,500,1000,-19500,-9000,3500,2000,1,1,6866
171,CG,L104C,3,4,500,2500,-19500,-7500,3500,2000,1,2,6867
172,DL,L104C,3,4,500,4000,-19500,-6000,3500,2000,1,3,6868
173,DS,L104C,3,4,500,5500,-19500,-4500,3500,2000,1,4,6869
174,AS,L104C,3,4,500,7000,-19500,-3000,3500,2000,1,5,6870
175,AL,L104C,3,4,5500,1000,-14500,-9000,3500,2000,2,1,6871
176,CGX,L104C,3,4,5500,2500,-14500,-7500,3500,2000,2,2,6872
177,DLX,L104C,3,4,5500,4000,-14500,-6000,3500,2000,2,3,6873
178,DS,L104C,3,4,5500,5500,-14500,-4500,3500,2000,2,4,6874
179,AS,L104C,3,4,5500,7000,-14500,-3000,3500,2000,2,5,6875
180,CT,L104C,4,4,500,1000,-9500,-9000,3500,2000,1,1,6946
181,CG,L104C,4,4,500,2500,-9500,-7500,3500,2000,1,2,6947
182,DL,L104C,4,4,500,4000,-9500,-6000,3500,2000,1,3,6948
183,DS,L104C,4,4,500,5500,-9500,-4500,3500,2000,1,4,6949
184,AS,L104C,4,4,500,7000,-9500,-3000,3500,2000,1,5,6950
185,AL,L104C,4,4,5500,1000,-4500,-9000,3500,2000,2,1,6951
186,CGX,L104C,4,4,5500,2500,-4500,-7500,3500,2000,2,2,6952
187,DLX,L104C,4,4,5500,4000,-4500,-6000,3500,2000,2,3,6953
188,DS,L104C,4,4,5500,5500,-4500,-4500,3500,2000,2,4,6954
189,AS,L104C,4,4,5500,7000,-4500,-3000,3500,2000,2,5,6955
190,CT,L104C,5,4,500,1000,500,-9000,3500,2000,1,1,7036
191,CG,L104C,5,4,500,2500,500,-7500,3500,2000,1,2,7037
192,DL,L104C,5,4,500,4000,500,-6000,3500,2000,1,3,7038
193,DS,L104C,5,4,500,5500,500,-4500,3500,2000,1,4,7039
194,AS,L104C,5,4,500,7000,500,-3000,3500,2000,1,5,7040
195,AL,L104C,5,4,5500,1000,5500,-9000,3500,2000,2,1,7041
196,CGX,L104C,5,4,5500,2500,5500,-7500,3500,2000,2,2,7042
197,DLX,L104C,5,4,5500,4000,5500,-6000,3500,2000,2,3,7043
198,DS,L104C,5,4,5500,5500,5500,-4500,3500,2000,2,4,7044
199,AS,L104C,5,4,5500,7000,5500,-3000,3500,2000,2,5,7045
200,CT,L104C,6,4,500,1000,10500,-9000,3500,2000,1,1,7126
201,CG,L104C,6,4,500,2500,10500,-7500,3500,2000,1,2,7127
202,DL,L104C,6,4,500,4000,10500,-6000,3500,2000,1,3,7128
203,DS,L104C,6,4,500,5500,10500,-4500,3500,2000,1,4,7129
204,AS,L104C,6,4,500,7000,10500,-3000,3500,2000,1,5,7130
205,AL,L104C,6,4,5500,1000,15500,-9000,3500,2000,2,1,7131
206,CGX,L104C,6,4,5500,2500,15500,-7500,3500,2000,2,2,7132
207,DLX,L104C,6,4,5500,4000,15500,-6000,3500,2000,2,3,7133
208,DS,L104C,6,4,5500,5500,15500,-4500,3500,2000,2,4,7134
209,AS,L104C,6,4,5500,7000,15500,-3000,3500,2000,2,5,7135
210,CT,L104C,1,5,500,1000,-39500,1000,3500,2000,1,1,6776
211,CG,L104C,1,5,500,2500,-39500,2500,3500,2000,1,2,6777
212,DL,L104C,1,5,500,4000,-39500,4000,3500,2000,1,3,6778
213,DS,L104C,1,5,500,5500,-39500,5500,3500,2000,1,4,6779
214,AS,L104C,1,5,500,7000,-39500,7000,3500,2000,1,5,6780
215,AL,L104C,1,5,5500,1000,-34500,1000,3500,2000,2,1,6781
216,CGX,L104C,1,5,5500,2500,-34500,2500,3500,2000,2,2,6782
217,DLX,L104C,1,5,5500,4000,-34500,4000,3500,2000,2,3,6783
218,DS,L104C,1,5,5500,5500,-34500,5500,3500,2000,2,4,6784
219,AS,L104C,1,5,5500,7000,-34500,7000,3500,2000,2,5,6785
220,CT,L104C,2,5,500,1000,-29500,1000,3500,2000,1,1,6816
221,CG,L104C,2,5,500,2500,-29500,2500,3500,2000,1,2,6817
222,DL,L104C,2,5,500,4000,-29500,4000,3500,2000,1,3,6818
223,DS,L104C,2,5,500,5500,-29500,5500,3500,2000,1,4,6819
224,AS,L104C,2,5,500,7000,-29500,7000,3500,2000,1,5,6820
225,AL,L104C,2,5,5500,1000,-24500,1000,3500,2000,2,1,6821
226,CGX,L104C,2,5,5500,2500,-24500,2500,3500,2000,2,2,6822
227,DLX,L104C,2,5,5500,4000,-24500,4000,3500,2000,2,3,6823
228,DS,L104C,2,5,5500,5500,-24500,5500,3500,2000,2,4,6824
229,AS,L104C,2,5,5500,7000,-24500,7000,3500,2000,2,5,6825
230,CT,L104C,3,5,500,1000,-19500,1000,3500,2000,1,1,6876
231,CG,L104C,3,5,500,2500,-19500,2500,3500,2000,1,2,6877
232,DL,L104C,3,5,500,4000,-19500,4000,3500,2000,1,3,6878
233,DS,L104C,3,5,500,5500,-19500,5500,3500,2000,1,4,6879
234,AS,L104C,3,5,500,7000,-19500,7000,3500,2000,1,5,6880
235,AL,L104C,3,5,5500,1000,-14500,1000,3500,2000,2,1,6881
236,CGX,L104C,3,5,5500,2500,-14500,2500,3500,2000,2,2,6882
237,DLX,L104C,3,5,5500,4000,-14500,4000,3500,2000,2,3,6883
238,DS,L104C,3,5,5500,5500,-14500,5500,3500,2000,2,4,6884
239,AS,L104C,3,5,5500,7000,-14500,7000,3500,2000,2,5,6885
240,CT,L104C,4,5,500,1000,-9500,1000,3500,2000,1,1,6956
241,CG,L104C,4,5,500,2500,-9500,2500,3500,2000,1,2,6957
242,DL,L104C,4,5,500,4000,-9500,4000,3500,2000,1,3,6958
243,DS,L104C,4,5,500,5500,-9500,5500,3500,2000,1,4,6959
244,AS,L104C,4,5,500,7000,-9500,7000,3500,2000,1,5,6960
245,AL,L104C,4,5,5500,1000,-4500,1000,3500,2000,2,1,6961
246,DS,L104C,4,5,5500,5500,-4500,5500,3500,2000,2,4,6964
247,AS,L104C,4,5,5500,7000,-4500,7000,3500,2000,2,5,6965
248,CT,L104C,7,4,500,1000,20500,-9000,3500,2000,1,1,7206
249,CG,L104C,7,4,500,2500,20500,-7500,3500,2000,1,2,7207
250,DL,L104C,7,4,500,4000,20500,-6000,3500,2000,1,3,7208
251,DS,L104C,7,4,500,5500,20500,-4500,3500,2000,1,4,7209
252,AS,L104C,7,4,500,7000,20500,-3000,3500,2000,1,5,7210
253,AL,L104C,7,4,5500,1000,25500,-9000,3500,2000,2,1,7211
254,CGX,L104C,7,4,5500,2500,25500,-7500,3500,2000,2,2,7212
255,DLX,L104C,7,4,5500,4000,25500,-6000,3500,2000,2,3,7213
256,DS,L104C,7,4,5500,5500,25500,-4500,3500,2000,2,4,7214
257,AS,L104C,7,4,5500,7000,25500,-3000,3500,2000,2,5,7215
258,CT,L104C,8,4,500,1000,30500,-9000,3500,2000,1,1,7266
259,CG,L104C,8,4,500,2500,30500,-7500,3500,2000,1,2,7267
260,DL,L104C,8,4,500,4000,30500,-6000,3500,2000,1,3,7268
261,DS,L104C,8,4,500,5500,30500,-4500,3500,2000,1,4,7269
262,AS,L104C,8,4,500,7000,30500,-3000,3500,2000,1,5,7270
263,AL,L104C,8,4,5500,1000,35500,-9000,3500,2000,2,1,7271
264,CGX,L104C,8,4,5500,2500,35500,-7500,3500,2000,2,2,7272
265,DLX,L104C,8,4,5500,4000,35500,-6000,3500,2000,2,3,7273
266,DS,L104C,8,4,5500,5500,35500,-4500,3500,2000,2,4,7274
267,AS,L104C,8,4,5500,7000,35500,-3000,3500,2000,2,5,7275
268,CT,L104C,9,4,500,1000,40500,-9000,3500,2000,1,1,7306
269,CG,L104C,9,4,500,2500,40500,-7500,3500,2000,1,2,7307
270,DL,L104C,9,4,500,4000,40500,-6000,3500,2000,1,3,7308
271,DS,L104C,9,4,500,5500,40500,-4500,3500,2000,1,4,7309
272,AS,L104C,9,4,500,7000,40500,-3000,3500,2000,1,5,7310
273,AL,L104C,9,4,5500,1000,45500,-9000,3500,2000,2,1,7311
274,CGX,L104C,9,4,5500,2500,45500,-7500,3500,2000,2,2,7312
275,DLX,L104C,9,4,5500,4000,45500,-6000,3500,2000,2,3,7313
276,DS,L104C,9,4,5500,5500,45500,-4500,3500,2000,2,4,7314
277,AS,L104C,9,4,5500,7000,45500,-3000,3500,2000,2,5,7315
278,CT,L104C,1,6,500,1000,-39500,11000,3500,2000,1,1,6786
279,CG,L104C,1,6,500,2500,-39500,12500,3500,2000,1,2,6787
280,DL,L104C,1,6,500,4000,-39500,14000,3500,2000,1,3,6788
281,DS,L104C,1,6,500,5500,-39500,15500,3500,2000,1,4,6789
282,AS,L104C,1,6,500,7000,-39500,17000,3500,2000,1,5,6790
283,AL,L104C,1,6,5500,1000,-34500,11000,3500,2000,2,1,6791
284,CGX,L104C,1,6,5500,2500,-34500,12500,3500,2000,2,2,6792
285,DLX,L104C,1,6,5500,4000,-34500,14000,3500,2000,2,3,6793
286,DS,L104C,1,6,5500,5500,-34500,15500,3500,2000,2,4,6794
287,AS,L104C,1,6,5500,7000,-34500,17000,3500,2000,2,5,6795
288,AS,L104C,2,6,500,7000,-29500,17000,3500,2000,1,5,6830
289,AL,L104C,2,6,5500,1000,-24500,11000,3500,2000,2,1,6831
290,AS,L104C,2,6,5500,7000,-24500,17000,3500,2000,2,5,6835
291,CGX,L104C,4,5,5500,2500,-4500,2500,3500,2000,2,2,6962
292,DLX,L104C,4,5,5500,4000,-4500,4000,3500,2000,2,3,6963
293,CT,L104C,5,5,500,1000,500,1000,3500,2000,1,1,7046
294,CG,L104C,5,5,500,2500,500,2500,3500,2000,1,2,7047
295,DL,L104C,5,5,500,4000,500,4000,3500,2000,1,3,7048
296,DS,L104C,5,5,500,5500,500,5500,3500,2000,1,4,7049
297,AS,L104C,5,5,500,7000,500,7000,3500,2000,1,5,7050
298,AL,L104C,5,5,5500,1000,5500,1000,3500,2000,2,1,7051
299,CGX,L104C,5,5,5500,2500,5500,2500,3500,2000,2,2,7052
300,DLX,L104C,5,5,5500,4000,5500,4000,3500,2000,2,3,7053
301,DS,L104C,5,5,5500,5500,5500,5500,3500,2000,2,4,7054
302,AS,L104C,5,5,5500,7000,5500,7000,3500,2000,2,5,7055
303,CT,L104C,6,5,500,1000,10500,1000,3500,2000,1,1,7136
304,CG,L104C,6,5,500,2500,10500,2500,3500,2000,1,2,7137
305,DL,L104C,6,5,500,4000,10500,4000,3500,2000,1,3,7138
306,DS,L104C,6,5,500,5500,10500,5500,3500,2000,1,4,7139
307,AS,L104C,6,5,500,7000,10500,7000,3500,2000,1,5,7140
308,AL,L104C,6,5,5500,1000,15500,1000,3500,2000,2,1,7141
309,CGX,L104C,6,5,5500,2500,15500,2500,3500,2000,2,2,7142
310,DLX,L104C,6,5,5500,4000,15500,4000,3500,2000,2,3,7143
311,DS,L104C,6,5,5500,5500,15500,5500,3500,2000,2,4,7144
312,AS,L104C,6,5,5500,7000,15500,7000,3500,2000,2,5,7145
313,CT,L104C,7,5,500,1000,20500,1000,3500,2000,1,1,7216
314,CG,L104C,7,5,500,2500,20500,2500,3500,2000,1,2,7217
315,DL,L104C,7,5,500,4000,20500,4000,3500,2000,1,3,7218
316,DS,L104C,7,5,500,5500,20500,5500,3500,2000,1,4,7219
317,AS,L104C,7,5,500,7000,20500,7000,3500,2000,1,5,7220
318,AL,L104C,7,5,5500,1000,25500,1000,3500,2000,2,1,7221
319,CGX,L104C,7,5,5500,2500,25500,2500,3500,2000,2,2,7222
320,DLX,L104C,7,5,5500,4000,25500,4000,3500,2000,2,3,7223
321,DS,L104C,7,5,5500,5500,25500,5500,3500,2000,2,4,7224
322,AS,L104C,7,5,5500,7000,25500,7000,3500,2000,2,5,7225
323,CT,L104C,8,5,500,1000,30500,1000,3500,2000,1,1,7276
324,CG,L104C,8,5,500,2500,30500,2500,3500,2000,1,2,7277
325,DL,L104C,8,5,500,4000,30500,4000,3500,2000,1,3,7278
326,DS,L104C,8,5,500,5500,30500,5500,3500,2000,1,4,7279
327,AS,L104C,8,5,500,7000,30500,7000,3500,2000,1,5,7280
328,AL,L104C,8,5,5500,1000,35500,1000,3500,2000,2,1,7281
329,CGX,L104C,8,5,5500,2500,35500,2500,3500,2000,2,2,7282
330,DLX,L104C,8,5,5500,4000,35500,4000,3500,2000,2,3,7283
331,DS,L104C,8,5,5500,5500,35500,5500,3500,2000,2,4,7284
332,AS,L104C,8,5,5500,7000,35500,7000,3500,2000,2,5,7285
333,CT,L104C,9,5,500,1000,40500,1000,3500,2000,1,1,7316
334,CG,L104C,9,5,500,2500,40500,2500,3500,2000,1,2,7317
335,DL,L104C,9,5,500,4000,40500,4000,3500,2000,1,3,7318
336,DS,L104C,9,5,500,5500,40500,5500,3500,2000,1,4,7319
337,AS,L104C,9,5,500,7000,40500,7000,3500,2000,1,5,7320
338,AL,L104C,9,5,5500,1000,45500,1000,3500,2000,2,1,7321
339,CGX,L104C,9,5,5500,2500,45500,2500,3500,2000,2,2,7322
340,DLX,L104C,9,5,5500,4000,45500,4000,3500,2000,2,3,7323
341,DS,L104C,9,5,5500,5500,45500,5500,3500,2000,2,4,7324
342,AS,L104C,9,5,5500,7000,45500,7000,3500,2000,2,5,7325
343,CT,L104C,2,6,500,1000,-29500,11000,3500,2000,1,1,6826
344,CG,L104C,2,6,500,2500,-29500,12500,3500,2000,1,2,6827
345,DL,L104C,2,6,500,4000,-29500,14000,3500,2000,1,3,6828
346,DS,L104C,2,6,500,5500,-29500,15500,3500,2000,1,4,6829
347,CGX,L104C,2,6,5500,2500,-24500,12500,3500,2000,2,2,6832
348,DLX,L104C,2,6,5500,4000,-24500,14000,3500,2000,2,3,6833
349,DS,L104C,2,6,5500,5500,-24500,15500,3500,2000,2,4,6834
350,CT,L104C,3,6,500,1000,-19500,11000,3500,2000,1,1,6886
351,CG,L104C,3,6,500,2500,-19500,12500,3500,2000,1,2,6887
352,DL,L104C,3,6,500,4000,-19500,14000,3500,2000,1,3,6888
353,DS,L104C,3,6,500,5500,-19500,15500,3500,2000,1,4,6889
354,AS,L104C,3,6,500,7000,-19500,17000,3500,2000,1,5,6890
355,AL,L104C,3,6,5500,1000,-14500,11000,3500,2000,2,1,6891
356,CGX,L104C,3,6,5500,2500,-14500,12500,3500,2000,2,2,6892
357,DLX,L104C,3,6,5500,4000,-14500,14000,3500,2000,2,3,6893
358,DS,L104C,3,6,5500,5500,-14500,15500,3500,2000,2,4,6894
359,AS,L104C,3,6,5500,7000,-14500,17000,3500,2000,2,5,6895
360,CT,L104C,4,6,500,1000,-9500,11000,3500,2000,1,1,6966
361,CG,L104C,4,6,500,2500,-9500,12500,3500,2000,1,2,6967
362,DL,L104C,4,6,500,4000,-9500,14000,3500,2000,1,3,6968
363,DS,L104C,4,6,500,5500,-9500,15500,3500,2000,1,4,6969
364,AS,L104C,4,6,500,7000,-9500,17000,3500,2000,1,5,6970
365,AL,L104C,4,6,5500,1000,-4500,11000,3500,2000,2,1,6971
366,CGX,L104C,4,6,5500,2500,-4500,12500,3500,2000,2,2,6972
367,DLX,L104C,4,6,5500,4000,-4500,14000,3500,2000,2,3,6973
368,DS,L104C,4,6,5500,5500,-4500,15500,3500,2000,2,4,6974
369,AS,L104C,4,6,5500,7000,-4500,17000,3500,2000,2,5,6975
370,CT,L104C,5,6,500,1000,500,11000,3500,2000,1,1,7056
371,CG,L104C,5,6,500,2500,500,12500,3500,2000,1,2,7057
372,DL,L104C,5,6,500,4000,500,14000,3500,2000,1,3,7058
373,DS,L104C,5,6,500,5500,500,15500,3500,2000,1,4,7059
374,AS,L104C,5,6,500,7000,500,17000,3500,2000,1,5,7060
375,AL,L104C,5,6,5500,1000,5500,11000,3500,2000,2,1,7061
376,CGX,L104C,5,6,5500,2500,5500,12500,3500,2000,2,2,7062
377,DLX,L104C,5,6,5500,4000,5500,14000,3500,2000,2,3,7063
378,DS,L104C,5,6,5500,5500,5500,15500,3500,2000,2,4,7064
379,AS,L104C,5,6,5500,7000,5500,17000,3500,2000,2,5,7065
380,CT,L104C,6,6,500,1000,10500,11000,3500,2000,1,1,7146
381,CG,L104C,6,6,500,2500,10500,12500,3500,2000,1,2,7147
382,DL,L104C,6,6,500,4000,10500,14000,3500,2000,1,3,7148
383,DS,L104C,6,6,500,5500,10500,15500,3500,2000,1,4,7149
384,AS,L104C,6,6,500,7000,10500,17000,3500,2000,1,5,7150
385,AL,L104C,6,6,5500,1000,15500,11000,3500,2000,2,1,7151
386,CGX,L104C,6,6,5500,2500,15500,12500,3500,2000,2,2,7152
387,DLX,L104C,6,6,5500,4000,15500,14000,3500,2000,2,3,7153
388,DS,L104C,6,6,5500,5500,15500,15500,3500,2000,2,4,7154
389,AS,L104C,6,6,5500,7000,15500,17000,3500,2000,2,5,7155
390,CT,L104C,7,6,500,1000,20500,11000,3500,2000,1,1,7226
391,CG,L104C,7,6,500,2500,20500,12500,3500,2000,1,2,7227
392,DL,L104C,7,6,500,4000,20500,14000,3500,2000,1,3,7228
393,DS,L104C,7,6,500,5500,20500,15500,3500,2000,1,4,7229
394,AS,L104C,7,6,500,7000,20500,17000,3500,2000,1,5,7230
395,AL,L104C,7,6,5500,1000,25500,11000,3500,2000,2,1,7231
396,CGX,L104C,7,6,5500,2500,25500,12500,3500,2000,2,2,7232
397,DLX,L104C,7,6,5500,4000,25500,14000,3500,2000,2,3,7233
398,DS,L104C,7,6,5500,5500,25500,15500,3500,2000,2,4,7234
399,AS,L104C,7,6,5500,7000,25500,17000,3500,2000,2,5,7235
400,CT,L104C,9,6,500,1000,40500,11000,3500,2000,1,1,7326
401,CG,L104C,9,6,500,2500,40500,12500,3500,2000,1,2,7327
402,DL,L104C,9,6,500,4000,40500,14000,3500,2000,1,3,7328
403,DS,L104C,9,6,500,5500,40500,15500,3500,2000,1,4,7329
404,AS,L104C,9,6,500,7000,40500,17000,3500,2000,1,5,7330
405,AL,L104C,9,6,5500,1000,45500,11000,3500,2000,2,1,7331
406,DLX,L104C,9,6,5500,4000,45500,14000,3500,2000,2,3,7333
407,DS,L104C,9,6,5500,5500,45500,15500,3500,2000,2,4,7334
408,AS,L104C,9,6,5500,7000,45500,17000,3500,2000,2,5,7335
409,CT,L104C,2,7,500,1000,-29500,21000,3500,2000,1,1,6836
410,CG,L104C,2,7,500,2500,-29500,22500,3500,2000,1,2,6837
411,DL,L104C,2,7,500,4000,-29500,24000,3500,2000,1,3,6838
412,DS,L104C,2,7,500,5500,-29500,25500,3500,2000,1,4,6839
413,AS,L104C,2,7,500,7000,-29500,27000,3500,2000,1,5,6840
414,AL,L104C,2,7,5500,1000,-24500,21000,3500,2000,2,1,6841
415,CGX,L104C,2,7,5500,2500,-24500,22500,3500,2000,2,2,6842
416,DLX,L104C,2,7,5500,4000,-24500,24000,3500,2000,2,3,6843
417,DS,L104C,2,7,5500,5500,-24500,25500,3500,2000,2,4,6844
418,AS,L104C,2,7,5500,7000,-24500,27000,3500,2000,2,5,6845
419,CT,L104C,3,7,500,1000,-19500,21000,3500,2000,1,1,6896
420,CG,L104C,3,7,500,2500,-19500,22500,3500,2000,1,2,6897
421,DL,L104C,3,7,500,4000,-19500,24000,3500,2000,1,3,6898
422,DS,L104C,3,7,500,5500,-19500,25500,3500,2000,1,4,6899
423,AS,L104C,3,7,500,7000,-19500,27000,3500,2000,1,5,6900
424,AL,L104C,3,7,5500,1000,-14500,21000,3500,2000,2,1,6901
425,CGX,L104C,3,7,5500,2500,-14500,22500,3500,2000,2,2,6902
426,DLX,L104C,3,7,5500,4000,-14500,24000,3500,2000,2,3,6903
427,DS,L104C,3,7,5500,5500,-14500,25500,3500,2000,2,4,6904
428,AS,L104C,3,7,5500,7000,-14500,27000,3500,2000,2,5,6905
429,CT,L104C,4,7,500,1000,-9500,21000,3500,2000,1,1,6976
430,CG,L104C,4,7,500,2500,-9500,22500,3500,2000,1,2,6977
431,DL,L104C,4,7,500,4000,-9500,24000,3500,2000,1,3,6978
432,DS,L104C,4,7,500,5500,-9500,25500,3500,2000,1,4,6979
433,AS,L104C,4,7,500,7000,-9500,27000,3500,2000,1,5,6980
434,AL,L104C,4,7,5500,1000,-4500,21000,3500,2000,2,1,6981
435,CGX,L104C,4,7,5500,2500,-4500,22500,3500,2000,2,2,6982
436,DLX,L104C,4,7,5500,4000,-4500,24000,3500,2000,2,3,6983
437,DS,L104C,4,7,5500,5500,-4500,25500,3500,2000,2,4,6984
438,AS,L104C,4,7,5500,7000,-4500,27000,3500,2000,2,5,6985
439,CT,L104C,5,7,500,1000,500,21000,3500,2000,1,1,7066
440,CG,L104C,5,7,500,2500,500,22500,3500,2000,1,2,7067
441,DL,L104C,5,7,500,4000,500,24000,3500,2000,1,3,7068
442,DS,L104C,5,7,500,5500,500,25500,3500,2000,1,4,7069
443,AS,L104C,5,7,500,7000,500,27000,3500,2000,1,5,7070
444,AL,L104C,5,7,5500,1000,5500,21000,3500,2000,2,1,7071
445,CGX,L104C,5,7,5500,2500,5500,22500,3500,2000,2,2,7072
446,DLX,L104C,5,7,5500,4000,5500,24000,3500,2000,2,3,7073
447,DS,L104C,5,7,5500,5500,5500,25500,3500,2000,2,4,7074
448,AS,L104C,5,7,5500,7000,5500,27000,3500,2000,2,5,7075
449,DL,L104C,6,7,500,4000,10500,24000,3500,2000,1,3,7158
450,DS,L104C,6,7,500,5500,10500,25500,3500,2000,1,4,7159
451,AS,L104C,6,7,500,7000,10500,27000,3500,2000,1,5,7160
452,AL,L104C,6,7,5500,1000,15500,21000,3500,2000,2,1,7161
453,DS,L104C,6,7,5500,5500,15500,25500,3500,2000,2,4,7164
454,AS,L104C,6,7,5500,7000,15500,27000,3500,2000,2,5,7165
455,CT,L104C,8,6,500,1000,30500,11000,3500,2000,1,1,7286
456,CG,L104C,8,6,500,2500,30500,12500,3500,2000,1,2,7287
457,DL,L104C,8,6,500,4000,30500,14000,3500,2000,1,3,7288
458,DS,L104C,8,6,500,5500,30500,15500,3500,2000,1,4,7289
459,AS,L104C,8,6,500,7000,30500,17000,3500,2000,1,5,7290
460,AL,L104C,8,6,5500,1000,35500,11000,3500,2000,2,1,7291
461,CGX,L104C,8,6,5500,2500,35500,12500,3500,2000,2,2,7292
462,DLX,L104C,8,6,5500,4000,35500,14000,3500,2000,2,3,7293
463,DS,L104C,8,6,5500,5500,35500,15500,3500,2000,2,4,7294
464,AS,L104C,8,6,5500,7000,35500,17000,3500,2000,2,5,7295
465,CGX,L104C,9,6,5500,2500,45500,12500,3500,2000,2,2,7332
466,CT,L104C,3,8,500,1000,-19500,31000,3500,2000,1,1,6906
467,CG,L104C,3,8,500,2500,-19500,32500,3500,2000,1,2,6907
468,DL,L104C,3,8,500,4000,-19500,34000,3500,2000,1,3,6908
469,DS,L104C,3,8,500,5500,-19500,35500,3500,2000,1,4,6909
470,AS,L104C,3,8,500,7000,-19500,37000,3500,2000,1,5,6910
471,AL,L104C,3,8,5500,1000,-14500,31000,3500,2000,2,1,6911
472,CGX,L104C,3,8,5500,2500,-14500,32500,3500,2000,2,2,6912
473,DLX,L104C,3,8,5500,4000,-14500,34000,3500,2000,2,3,6913
474,DS,L104C,3,8,5500,5500,-14500,35500,3500,2000,2,4,6914
475,AS,L104C,3,8,5500,7000,-14500,37000,3500,2000,2,5,6915
476,CT,L104C,6,7,500,1000,10500,21000,3500,2000,1,1,7156
477,CG,L104C,6,7,500,2500,10500,22500,3500,2000,1,2,7157
478,CGX,L104C,6,7,5500,2500,15500,22500,3500,2000,2,2,7162
479,DLX,L104C,6,7,5500,4000,15500,24000,3500,2000,2,3,7163
480,CT,L104C,7,7,500,1000,20500,21000,3500,2000,1,1,7236
481,CG,L104C,7,7,500,2500,20500,22500,3500,2000,1,2,7237
482,DL,L104C,7,7,500,4000,20500,24000,3500,2000,1,3,7238
483,DS,L104C,7,7,500,5500,20500,25500,3500,2000,1,4,7239
484,AS,L104C,7,7,500,7000,20500,27000,3500,2000,1,5,7240
485,AL,L104C,7,7,5500,1000,25500,21000,3500,2000,2,1,7241
486,CGX,L104C,7,7,5500,2500,25500,22500,3500,2000,2,2,7242
487,DLX,L104C,7,7,5500,4000,25500,24000,3500,2000,2,3,7243
488,DS,L104C,7,7,5500,5500,25500,25500,3500,2000,2,4,7244
489,AS,L104C,7,7,5500,7000,25500,27000,3500,2000,2,5,7245
490,CT,L104C,8,7,500,1000,30500,21000,3500,2000,1,1,7296
491,CG,L104C,8,7,500,2500,30500,22500,3500,2000,1,2,7297
492,DL,L104C,8,7,500,4000,30500,24000,3500,2000,1,3,7298
493,DS,L104C,8,7,500,5500,30500,25500,3500,2000,1,4,7299
494,AS,L104C,8,7,500,7000,30500,27000,3500,2000,1,5,7300
495,AL,L104C,8,7,5500,1000,35500,21000,3500,2000,2,1,7301
496,CGX,L104C,8,7,5500,2500,35500,22500,3500,2000,2,2,7302
497,DLX,L104C,8,7,5500,4000,35500,24000,3500,2000,2,3,7303
498,DS,L104C,8,7,5500,5500,35500,25500,3500,2000,2,4,7304
499,AS,L104C,8,7,5500,7000,35500,27000,3500,2000,2,5,7305
500,CT,L104C,4,8,500,1000,-9500,31000,3500,2000,1,1,6986
501,CG,L104C,4,8,500,2500,-9500,32500,3500,2000,1,2,6987
502,DL,L104C,4,8,500,4000,-9500,34000,3500,2000,1,3,6988
503,DS,L104C,4,8,500,5500,-9500,35500,3500,2000,1,4,6989
504,AS,L104C,4,8,500,7000,-9500,37000,3500,2000,1,5,6990
505,AL,L104C,4,8,5500,1000,-4500,31000,3500,2000,2,1,6991
506,CGX,L104C,4,8,5500,2500,-4500,32500,3500,2000,2,2,6992
507,DLX,L104C,4,8,5500,4000,-4500,34000,3500,2000,2,3,6993
508,DS,L104C,4,8,5500,5500,-4500,35500,3500,2000,2,4,6994
509,AS,L104C,4,8,5500,7000,-4500,37000,3500,2000,2,5,6995
510,CT,L104C,5,8,500,1000,500,31000,3500,2000,1,1,7076
511,CG,L104C,5,8,500,2500,500,32500,3500,2000,1,2,7077
512,DL,L104C,5,8,500,4000,500,34000,3500,2000,1,3,7078
513,DS,L104C,5,8,500,5500,500,35500,3500,2000,1,4,7079
514,AS,L104C,5,8,500,7000,500,37000,3500,2000,1,5,7080
515,AL,L104C,5,8,5500,1000,5500,31000,3500,2000,2,1,7081
516,CGX,L104C,5,8,5500,2500,5500,32500,3500,2000,2,2,7082
517,DLX,L104C,5,8,5500,4000,5500,34000,3500,2000,2,3,7083
518,DS,L104C,5,8,5500,5500,5500,35500,3500,2000,2,4,7084
519,AS,L104C,5,8,5500,7000,5500,37000,3500,2000,2,5,7085
520,CT,L104C,6,8,500,1000,10500,31000,3500,2000,1,1,7166
521,CG,L104C,6,8,500,2500,10500,32500,3500,2000,1,2,7167
522,DL,L104C,6,8,500,4000,10500,34000,3500,2000,1,3,7168
523,DS,L104C,6,8,500,5500,10500,35500,3500,2000,1,4,7169
524,AS,L104C,6,8,500,7000,10500,37000,3500,2000,1,5,7170
525,AL,L104C,6,8,5500,1000,15500,31000,3500,2000,2,1,7171
526,CGX,L104C,6,8,5500,2500,15500,32500,3500,2000,2,2,7172
527,DLX,L104C,6,8,5500,4000,15500,34000,3500,2000,2,3,7173
528,DS,L104C,6,8,5500,5500,15500,35500,3500,2000,2,4,7174
529,AS,L104C,6,8,5500,7000,15500,37000,3500,2000,2,5,7175
530,CT,L104C,7,8,500,1000,20500,31000,3500,2000,1,1,7246
531,CG,L104C,7,8,500,2500,20500,32500,3500,2000,1,2,7247
532,DL,L104C,7,8,500,4000,20500,34000,3500,2000,1,3,7248
533,DS,L104C,7,8,500,5500,20500,35500,3500,2000,1,4,7249
534,AS,L104C,7,8,500,7000,20500,37000,3500,2000,1,5,7250
535,AL,L104C,7,8,5500,1000,25500,31000,3500,2000,2,1,7251
536,CGX,L104C,7,8,5500,2500,25500,32500,3500,2000,2,2,7252
537,DLX,L104C,7,8,5500,4000,25500,34000,3500,2000,2,3,7253
538,DS,L104C,7,8,5500,5500,25500,35500,3500,2000,2,4,7254
539,AS,L104C,7,8,5500,7000,25500,37000,3500,2000,2,5,7255
540,CT,L104C,4,9,500,1000,-9500,41000,3500,2000,1,1,6996
541,CG,L104C,4,9,500,2500,-9500,42500,3500,2000,1,2,6997
542,DL,L104C,4,9,500,4000,-9500,44000,3500,2000,1,3,6998
543,DS,L104C,4,9,500,5500,-9500,45500,3500,2000,1,4,6999
544,AS,L104C,4,9,500,7000,-9500,47000,3500,2000,1,5,7000
545,AL,L104C,4,9,5500,1000,-4500,41000,3500,2000,2,1,7001
546,CGX,L104C,4,9,5500,2500,-4500,42500,3500,2000,2,2,7002
547,DLX,L104C,4,9,5500,4000,-4500,44000,3500,2000,2,3,7003
548,DS,L104C,4,9,5500,5500,-4500,45500,3500,2000,2,4,7004
549,AS,L104C,4,9,5500,7000,-4500,47000,3500,2000,2,5,7005
550,CT,L104C,5,9,500,1000,500,41000,3500,2000,1,1,7086
551,CG,L104C,5,9,500,2500,500,42500,3500,2000,1,2,7087
552,DL,L104C,5,9,500,4000,500,44000,3500,2000,1,3,7088
553,DS,L104C,5,9,500,5500,500,45500,3500,2000,1,4,7089
554,AS,L104C,5,9,500,7000,500,47000,3500,2000,1,5,7090
555,AL,L104C,5,9,5500,1000,5500,41000,3500,2000,2,1,7091
556,CGX,L104C,5,9,5500,2500,5500,42500,3500,2000,2,2,7092
557,DLX,L104C,5,9,5500,4000,5500,44000,3500,2000,2,3,7093
558,DS,L104C,5,9,5500,5500,5500,45500,3500,2000,2,4,7094
559,AS,L104C,5,9,5500,7000,5500,47000,3500,2000,2,5,7095
560,CT,L104C,6,9,500,1000,10500,41000,3500,2000,1,1,7176
561,CG,L104C,6,9,500,2500,10500,42500,3500,2000,1,2,7177
562,DL,L104C,6,9,500,4000,10500,44000,3500,2000,1,3,7178
563,DS,L104C,6,9,500,5500,10500,45500,3500,2000,1,4,7179
564,AS,L104C,6,9,500,7000,10500,47000,3500,2000,1,5,7180
565,AL,L104C,6,9,5500,1000,15500,41000,3500,2000,2,1,7181
566,CGX,L104C,6,9,5500,2500,15500,42500,3500,2000,2,2,7182
567,DLX,L104C,6,9,5500,4000,15500,44000,3500,2000,2,3,7183
568,DS,L104C,6,9,5500,5500,15500,45500,3500,2000,2,4,7184
569,AS,L104C,6,9,5500,7000,15500,47000,3500,2000,2,5,7185
